Wall time,Step,Value
1767792188.00436,0,0.8236080408096313
1767792202.6668925,50,0.13860148191452026
1767792217.148307,100,0.08138018846511841
1767792231.838181,150,0.05547666549682617
1767792246.4641364,200,0.050829239189624786
1767792261.0891895,250,0.053450342267751694
1767792275.5638387,300,0.05490334331989288
1767792289.9697425,350,0.047832101583480835
1767792304.5976007,400,0.026123445481061935
1767792319.0955095,450,0.015517469495534897
1767792339.3847115,500,0.007313787937164307
1767792354.0903642,550,0.008888489566743374
1767792368.6757786,600,0.004634361248463392
1767792383.3011012,650,0.008454356342554092
1767792398.0161057,700,0.0045278603211045265
1767792412.6822896,750,0.0020760572515428066
1767792427.36811,800,0.007459049578756094
1767792442.2104855,850,0.008361713960766792
1767792456.9962158,900,0.004005793482065201
1767792471.6588569,950,0.0025514899753034115
1767792491.901991,1000,0.002595053054392338
1767792506.6253679,1050,0.004076077602803707
1767792521.0646524,1100,0.003779166378080845
1767792535.7900374,1150,0.002381594618782401
1767792550.3970995,1200,0.0013665021397173405
1767792564.9923697,1250,0.001047934521920979
1767792579.6800091,1300,0.004104387015104294
1767792594.4102066,1350,0.0013480440247803926
1767792609.1826031,1400,0.0019248295575380325
1767792624.0416071,1450,0.00235452177003026
1767792644.3397014,1500,0.0014097101520746946
1767792659.4167519,1550,0.0022811153903603554
1767792674.0136626,1600,0.002833038568496704
1767792688.7085676,1650,0.0032999999821186066
1767792703.505456,1700,0.0006805036682635546
1767792718.2800748,1750,0.002643330954015255
1767792733.1817393,1800,0.0004154588095843792
1767792747.746633,1850,0.0014216986019164324
1767792762.5644019,1900,0.0006590797565877438
1767792777.2219748,1950,0.0005947911995463073
1767792797.5062397,2000,0.001680675777606666
1767792812.2250955,2050,0.0012157150777056813
1767792827.0585277,2100,0.0002891908516176045
1767792841.813152,2150,0.0037790294736623764
1767792856.6133904,2200,0.0015684672398492694
1767792871.4631436,2250,0.000609592767432332
1767792886.2461028,2300,0.0011726799421012402
1767792900.8511384,2350,0.001924426993355155
1767792916.033781,2400,0.002769144717603922
1767792930.868783,2450,0.0012650821590796113
1767792951.2585876,2500,0.00035930247395299375
1767792965.920456,2550,0.0004882097418885678
1767792980.9216528,2600,0.0017648192588239908
1767792995.8978183,2650,0.001232408219948411
1767793010.8956048,2700,0.0008100365521386266
1767793026.0250654,2750,0.0012519053416326642
1767793041.0274925,2800,0.0004908950650133193
1767793055.9870377,2850,0.0006053858669474721
1767793071.0390973,2900,0.0015066226478666067
1767793086.164579,2950,0.0006041901069693267
1767793106.5607607,3000,0.00044691492803394794
1767793121.3283737,3050,0.0005501409177668393
1767793136.6794984,3100,0.0010037615429610014
1767793151.5755105,3150,0.0008860379457473755
1767793166.6258805,3200,0.0001594788336660713
1767793181.5769634,3250,0.0012435689568519592
1767793196.5702987,3300,0.0011071646586060524
1767793211.7914834,3350,0.00013672369823325425
1767793226.8420815,3400,0.0008220078889280558
1767793241.9031513,3450,0.0004597720399033278
1767793262.3741508,3500,0.0007582721300423145
1767793277.3492677,3550,0.0002926113083958626
1767793292.3753452,3600,0.00034654061892069876
1767793307.3993824,3650,0.0002172489184886217
1767793322.3082263,3700,0.0001220723643200472
1767793337.0805962,3750,0.0008319664048030972
1767793351.9363618,3800,0.00037817726843059063
1767793366.9506721,3850,0.00028942932840436697
1767793381.9500523,3900,0.000440587115008384
1767793396.9708693,3950,0.00015791962505318224
1767793417.9268935,4000,9.164432412944734e-05
1767793432.9591064,4050,0.0012685139663517475
1767793447.8419003,4100,0.0001405620714649558
1767793462.8085952,4150,0.0003695485065691173
1767793477.8961644,4200,0.0002676105941645801
1767793492.9198215,4250,9.200997737934813e-05
1767793507.9275355,4300,0.0004576080827973783
1767793522.9413588,4350,6.92430476192385e-05
1767793537.9703915,4400,8.108861220534891e-05
1767793552.998533,4450,0.0004739633295685053
1767793573.6064153,4500,0.00012489789514802396
1767793588.6564896,4550,5.8601635828381404e-05
1767793603.8435192,4600,0.00035774052958004177
1767793619.0163538,4650,0.0001124386180890724
1767793634.5230596,4700,0.00015388609608635306
1767793649.5930073,4750,0.00010628080053720623
1767793664.5070891,4800,4.3596839532256126e-05
1767793679.4844368,4850,0.00011142962466692552
1767793694.5809708,4900,0.00015346001600846648
1767793709.604588,4950,5.759616760769859e-05
1767793730.0938795,5000,0.0003872660454362631
1767793745.111251,5050,0.00011075317161157727
1767793760.185305,5100,5.763975059380755e-05
1767793775.2108562,5150,4.736510163638741e-05
1767793790.1712804,5200,8.901134424377233e-05
1767793805.2104135,5250,7.99217596068047e-05
1767793820.199065,5300,0.00016054371371865273
1767793835.0642014,5350,5.6317050621146336e-05
1767793850.09828,5400,4.335548874223605e-05
1767793865.0212286,5450,5.2341740229167044e-05
1767793885.8830929,5500,6.084041524445638e-05
1767793900.841189,5550,4.184168574283831e-05
1767793915.8326435,5600,4.595487916958518e-05
1767793930.8258443,5650,6.3696650613565e-05
1767793945.739657,5700,0.00013942344230599701
1767793960.7204294,5750,3.6787751014344394e-05
1767793975.7902753,5800,5.3294927056413144e-05
1767793990.8039443,5850,3.58277939085383e-05
1767794005.8360128,5900,5.461820910568349e-05
1767794021.0172465,5950,2.3505170247517526e-05
1767794041.6732168,6000,0.00010315716644981876
1767794056.705573,6050,5.0745438784360886e-05
1767794071.1908078,6100,4.1561524994904175e-05
1767794086.1365106,6150,5.064144352218136e-05
1767794101.097889,6200,4.187096783425659e-05
1767794115.9998312,6250,4.019189509563148e-05
1767794130.9655004,6300,6.865761679364368e-05
1767794145.8092499,6350,5.121467256685719e-05
1767794160.7970514,6400,3.061048482777551e-05
1767794176.1768236,6450,3.4055054129567e-05
1767794196.7021794,6500,4.6843055315548554e-05
1767794211.6162498,6550,5.941504787188023e-05
1767794226.4366994,6600,5.4954456572886556e-05
1767794241.4255025,6650,2.944556763395667e-05
1767794256.436869,6700,3.56653836206533e-05
1767794271.4246213,6750,4.470802377909422e-05
1767794286.369438,6800,5.8502777392277494e-05
1767794301.339936,6850,4.5440006942953914e-05
1767794316.3307157,6900,4.414338036440313e-05
1767794331.2371626,6950,3.4108612453565e-05
1767794351.2739859,7000,2.443876837787684e-05
1767794366.227088,7050,3.0249912015278824e-05
1767794381.1741338,7100,3.1307114113587886e-05
1767794396.4314325,7150,4.682828512159176e-05
1767794411.3176756,7200,4.1439088818151504e-05
1767794426.2352152,7250,2.4191513148252852e-05
1767794441.287661,7300,5.008611697121523e-05
1767794455.7273011,7350,5.041818803874776e-05
1767794470.7046475,7400,3.258261494920589e-05
1767794485.7237427,7450,5.259365570964292e-05
1767794506.3294961,7500,3.328220918774605e-05
1767794521.2102926,7550,3.0554998375009745e-05
1767794536.228566,7600,3.744862260646187e-05
1767794551.2428148,7650,0.00011631875531747937
1767794566.0273585,7700,3.684696275740862e-05
1767794580.8922327,7750,3.300777098047547e-05
1767794595.8405147,7800,2.620285886223428e-05
1767794610.5288808,7850,4.15867762058042e-05
1767794625.5435522,7900,3.598031617002562e-05
1767794640.5210056,7950,3.0132350730127655e-05
1767794661.2488942,8000,0.00011367034312570468
1767794676.1872532,8050,2.799668800435029e-05
1767794691.1474857,8100,2.6070802050526254e-05
1767794706.2404995,8150,4.6388602640945464e-05
1767794721.1273925,8200,4.712474037660286e-05
1767794736.0190647,8250,7.740528235444799e-05
1767794751.1703331,8300,7.200178515631706e-05
1767794766.399072,8350,4.767066639033146e-05
1767794781.476564,8400,0.0001207689056172967
1767794796.475744,8450,0.00012682616943493485
1767794816.5530221,8500,6.244200631044805e-05
1767794831.5654898,8550,9.394423250341788e-05
1767794846.667223,8600,5.004747799830511e-05
1767794861.204948,8650,2.9484916012734175e-05
1767794876.0562735,8700,5.904221688979305e-05
1767794890.8978674,8750,3.1766307074576616e-05
1767794905.585721,8800,4.635638833860867e-05
1767794920.380152,8850,3.7473291740752757e-05
1767794935.4899893,8900,3.3168504160130396e-05
1767794950.7059772,8950,4.229065962135792e-05
1767794971.250234,9000,4.769562656292692e-05
1767794985.819338,9050,5.640286690322682e-05
1767795000.6993616,9100,8.517326205037534e-05
1767795015.6603374,9150,2.8638602088904008e-05
1767795030.6017332,9200,3.1893574487185106e-05
1767795045.3766556,9250,2.8333452064543962e-05
1767795060.2264912,9300,5.288815009407699e-05
1767795075.1138625,9350,3.5996781662106514e-05
1767795089.9377265,9400,5.62518835067749e-05
1767795104.907313,9450,2.2265754523687065e-05
1767795125.3386853,9500,2.8478352760430425e-05
1767795140.3331993,9550,5.647014040732756e-05
1767795155.301522,9600,5.871322355233133e-05
1767795170.0829506,9650,5.0909831770695746e-05
1767795185.2040772,9700,3.3788139262469485e-05
1767795200.1463969,9750,3.760070831049234e-05
1767795215.1812146,9800,4.439774056663737e-05
1767795230.3067021,9850,2.6138754037674516e-05
1767795245.094506,9900,5.174106627237052e-05
1767795259.8763866,9950,9.194039012072608e-05
1767795280.1851752,10000,6.334818317554891e-05
1767795294.7974787,10050,7.87984172347933e-05
1767795309.7427158,10100,4.420423647388816e-05
1767795324.5180519,10150,4.981876554666087e-05
1767795339.367075,10200,2.3105210857465863e-05
1767795354.5172539,10250,4.751349479192868e-05
1767795369.4591486,10300,5.227671499596909e-05
1767795384.326733,10350,7.290372741408646e-05
1767795399.148626,10400,4.956356133334339e-05
1767795414.1382039,10450,4.3683477997547016e-05
1767795434.6831944,10500,2.6515350327827036e-05
1767795449.867433,10550,4.150974564254284e-05
1767795464.5761776,10600,6.546143413288519e-05
1767795479.6204076,10650,3.321758777019568e-05
1767795494.548803,10700,2.8589631256181747e-05
1767795509.5313225,10750,3.304425626993179e-05
1767795524.477769,10800,4.078927668160759e-05
1767795539.3432035,10850,9.133377170655876e-05
1767795554.2488432,10900,2.2782565793022513e-05
1767795569.1718214,10950,2.8858343284809962e-05
1767795590.0509772,11000,5.412510654423386e-05
1767795604.9502234,11050,7.03834812156856e-05
1767795619.8880465,11100,4.869638360105455e-05
1767795634.9208598,11150,8.57093691593036e-05
1767795649.9462733,11200,3.07646332657896e-05
1767795664.7099204,11250,2.1529058358282782e-05
1767795679.6826282,11300,3.476288475212641e-05
1767795694.2883422,11350,2.0638972273445688e-05
1767795709.0576801,11400,5.526496170205064e-05
1767795723.9614346,11450,4.619752144208178e-05
1767795744.7888436,11500,2.0952893464709632e-05
1767795759.5413816,11550,5.617204442387447e-05
1767795774.4682167,11600,2.3220454750116915e-05
1767795789.299143,11650,3.6338977224659175e-05
1767795804.1972811,11700,7.431473932228982e-05
1767795819.000817,11750,2.8782131266780198e-05
1767795833.8553362,11800,2.701449739106465e-05
1767795848.357379,11850,5.3440606279764324e-05
1767795863.120981,11900,3.5051423765253276e-05
1767795878.0176482,11950,0.00010062423825729638
1767795898.738327,12000,2.1564061171375215e-05
1767795913.455909,12050,3.743688284885138e-05
1767795928.4502344,12100,1.7985210433835164e-05
1767795943.281583,12150,3.618836490204558e-05
1767795958.2938004,12200,8.603808237239718e-05
1767795973.299559,12250,7.244514563353732e-05
1767795988.7160478,12300,2.8031896363245323e-05
1767796003.7007694,12350,1.9392975445953198e-05
1767796018.6239707,12400,2.0793944713659585e-05
1767796033.5160818,12450,3.362648203619756e-05
1767796054.0281303,12500,3.935897257179022e-05
1767796068.9499571,12550,2.6021374651463702e-05
1767796083.923423,12600,4.4067804992664605e-05
1767796098.9782414,12650,2.452947956044227e-05
1767796114.0836964,12700,2.3041651729727164e-05
1767796129.145472,12750,3.0183029593899846e-05
1767796144.1748912,12800,2.898029015341308e-05
1767796159.2090104,12850,6.934630800969899e-05
1767796174.3052197,12900,2.4920100258896127e-05
1767796189.1592016,12950,2.5036173610715196e-05
1767796209.6452665,13000,3.72283611795865e-05
1767796224.639942,13050,6.298849621089175e-05
1767796239.9377728,13100,3.9653499698033556e-05
1767796254.840825,13150,2.7217320166528225e-05
1767796269.4753568,13200,4.212997737340629e-05
1767796284.4395614,13250,3.6626595829147846e-05
1767796299.454344,13300,2.734357985900715e-05
1767796314.3322167,13350,2.9268767320900224e-05
1767796329.3727472,13400,5.889732710784301e-05
1767796344.3459547,13450,2.84455600194633e-05
1767796364.8544896,13500,6.960027531022206e-05
1767796379.6833515,13550,2.3768770915921777e-05
1767796394.5719843,13600,7.804222695995122e-05
1767796409.5426662,13650,0.00010459362238179892
1767796424.524478,13700,4.4945998524781317e-05
1767796439.5999076,13750,4.6497167204506695e-05
1767796454.6427999,13800,4.543224349617958e-05
1767796469.679526,13850,3.7915113352937624e-05
1767796484.752941,13900,4.015782178612426e-05
1767796499.8597,13950,3.4244854759890586e-05
1767796520.691544,14000,4.8829046136233956e-05
1767796535.5435843,14050,2.2076137611293234e-05
1767796550.5471923,14100,5.370123835746199e-05
1767796565.6260798,14150,2.1899719286011532e-05
1767796580.687666,14200,2.5216868380084634e-05
1767796595.7384171,14250,1.95312277355697e-05
1767796610.7416608,14300,2.227507866336964e-05
1767796625.8920305,14350,3.945008575101383e-05
1767796640.8299055,14400,2.1275673134368844e-05
1767796655.7412171,14450,2.889627830882091e-05
1767796676.3745923,14500,1.5735648048575968e-05
1767796691.3883915,14550,3.47382047038991e-05
1767796706.409825,14600,1.6721689462428913e-05
1767796721.3923218,14650,2.3846901967772283e-05
1767796736.4980302,14700,8.887038711691275e-05
1767796751.4391198,14750,3.216015829821117e-05
1767796766.2988732,14800,3.5685719922184944e-05
1767796781.2818217,14850,2.0714645870612003e-05
1767796796.2653084,14900,4.41401352873072e-05
1767796811.3274817,14950,2.557565676397644e-05
1767796832.144625,15000,3.6366160202305764e-05
1767796847.0281572,15050,2.9379338229773566e-05
1767796861.71922,15100,4.58896356576588e-05
1767796876.6534772,15150,0.0001092375023290515
1767796891.6064293,15200,5.488026363309473e-05
1767796906.5967677,15250,2.166851845686324e-05
1767796921.5232449,15300,6.94014597684145e-05
1767796936.5832872,15350,8.208284270949662e-05
1767796951.4714322,15400,2.7594905986916274e-05
1767796966.2955716,15450,2.3060658350004815e-05
1767796986.522833,15500,2.6110235921805725e-05
1767797001.4239473,15550,2.1651147108059376e-05
1767797016.4976206,15600,3.0474400773528032e-05
1767797031.3736913,15650,3.0491217330563813e-05
1767797046.2808444,15700,8.017351501621306e-05
1767797061.240217,15750,3.77356045646593e-05
1767797076.5324016,15800,1.8204356820206158e-05
1767797091.343167,15850,3.49952133547049e-05
1767797106.1362724,15900,2.8416208806447685e-05
1767797121.0862918,15950,1.7440226656617597e-05
1767797141.6500192,16000,2.0800753190997057e-05
1767797156.6216118,16050,2.1778558220830746e-05
1767797171.5095365,16100,5.820539081469178e-05
1767797186.5813043,16150,1.7578046026756056e-05
1767797201.4717681,16200,2.7149755624122918e-05
1767797216.4444716,16250,3.447428025538102e-05
1767797231.464905,16300,2.44197672145674e-05
1767797246.3734128,16350,7.165750866988674e-05
1767797261.3102634,16400,2.6870817237067968e-05
1767797276.1191707,16450,4.2579107685014606e-05
1767797296.3475945,16500,2.7629523174255155e-05
1767797311.1929297,16550,2.8283961000852287e-05
1767797326.1060867,16600,2.2446676666731946e-05
1767797341.3175414,16650,2.4920493160607293e-05
1767797356.2674217,16700,3.584935620892793e-05
1767797371.083233,16750,2.9298258596099913e-05
1767797385.904577,16800,2.298192157468293e-05
1767797400.7997773,16850,2.0784096705028787e-05
1767797415.725941,16900,2.5743605874595232e-05
1767797430.610918,16950,6.109470268711448e-05
1767797450.9834106,17000,2.4435354134766385e-05
1767797465.8460052,17050,2.0747495000250638e-05
1767797480.822776,17100,3.6852008634014055e-05
1767797495.790612,17150,2.6701996830524877e-05
1767797510.663302,17200,3.576119343051687e-05
1767797525.563218,17250,6.005402610753663e-05
1767797540.500965,17300,3.673478204291314e-05
1767797555.4019315,17350,2.2915610315976664e-05
1767797570.5032065,17400,1.4685942005598918e-05
1767797585.5428054,17450,1.964060174941551e-05
1767797605.9728432,17500,3.441437365836464e-05
1767797621.214881,17550,4.1223880543839186e-05
1767797635.9387946,17600,4.42777163698338e-05
1767797650.8734388,17650,2.3072811018209904e-05
1767797665.7209382,17700,3.115988874924369e-05
1767797680.7135644,17750,1.6750254872022197e-05
1767797695.6082964,17800,3.8029244024073705e-05
1767797710.584011,17850,1.4818398994975723e-05
1767797725.5231643,17900,2.0513363779173233e-05
1767797740.213546,17950,3.057449794141576e-05
1767797760.6258676,18000,3.780083352467045e-05
1767797775.6526706,18050,5.6507589761167765e-05
1767797790.5972016,18100,4.1484658140689135e-05
1767797805.5867627,18150,2.4907381884986535e-05
1767797820.5842416,18200,3.2372034183936194e-05
1767797835.5382946,18250,4.858515603700653e-05
1767797850.392108,18300,4.333484685048461e-05
1767797865.2087557,18350,6.427055632229894e-05
1767797880.163816,18400,3.492939140414819e-05
1767797895.2088418,18450,1.3024124200455844e-05
1767797915.9961371,18500,1.95808333955938e-05
1767797931.0053594,18550,3.681709131342359e-05
1767797945.8052676,18600,6.950176612008363e-05
1767797960.6525388,18650,5.010982567910105e-05
1767797975.6269505,18700,2.7805279387393966e-05
1767797990.4157057,18750,3.515607750159688e-05
1767798005.3816063,18800,1.610070285096299e-05
1767798020.3536077,18850,0.00011318996257614344
1767798035.41877,18900,4.156416252953932e-05
1767798050.444891,18950,2.6645957404980436e-05
1767798070.687303,19000,5.817464261781424e-05
1767798085.6938744,19050,2.119358759955503e-05
1767798100.488449,19100,2.4876340830815025e-05
1767798115.468848,19150,3.3847718441393226e-05
1767798130.461178,19200,4.5735279854852706e-05
1767798145.3485804,19250,4.994990740669891e-05
1767798160.2084436,19300,1.8217853721580468e-05
1767798175.1682906,19350,2.0624453100026585e-05
1767798190.1219237,19400,3.496644785627723e-05
1767798205.1287858,19450,0.0002857149811461568
1767798225.9911516,19500,2.508861871319823e-05
1767798240.8918824,19550,4.369957241578959e-05
1767798255.952103,19600,1.5694644389441237e-05
1767798270.9364498,19650,2.7798188966698945e-05
1767798285.9604108,19700,4.334347613621503e-05
1767798300.8913548,19750,6.763737474102527e-05
1767798315.9129193,19800,2.5361485313624144e-05
1767798330.959611,19850,5.7523582654539496e-05
1767798346.029681,19900,7.986406853888184e-05
1767798361.0700734,19950,1.6554076864849776e-05
1767798381.0454597,20000,1.757879726937972e-05
